{
  "filename": "23_2995040F08_DC.laz",
  "total_points": 23782168,
  "num_chunks": 12,
  "points_per_chunk": 2000000,
  "total_size_mb": 272.17,
  "center": [
    299495.02953975135,
    5040511.821921546,
    55.612680432246556
  ],
  "bounds": {
    "min": [
      299000.0,
      5040000.0,
      -62.88
    ],
    "max": [
      299999.99,
      5040999.99,
      286.51
    ]
  },
  "has_colors": true,
  "has_classification": true,
  "has_intensity": true,
  "chunks": [
    {
      "filename": "chunk_0000.bin",
      "index": 0,
      "point_count": 2000000,
      "file_size_mb": 22.89,
      "bounds": {
        "min": [
          299000.0,
          5040602.8100000005,
          23.75
        ],
        "max": [
          299733.58,
          5040999.99,
          159.17000000000002
        ]
      },
      "quantization": {
        "mins": [
          -495.0295397513546,
          90.98807845450938,
          -31.862680432246556
        ],
        "ranges": [
          733.5800000000163,
          397.179999999702,
          135.42000000000002
        ]
      }
    },
    {
      "filename": "chunk_0001.bin",
      "index": 1,
      "point_count": 2000000,
      "file_size_mb": 22.89,
      "bounds": {
        "min": [
          299000.0,
          5040244.11,
          21.880000000000003
        ],
        "max": [
          299999.99,
          5040999.99,
          159.18
        ]
      },
      "quantization": {
        "mins": [
          -495.0295397513546,
          -267.7119215456769,
          -33.73268043224655
        ],
        "ranges": [
          999.9899999999907,
          755.8799999998882,
          137.3
        ]
      }
    },
    {
      "filename": "chunk_0002.bin",
      "index": 2,
      "point_count": 2000000,
      "file_size_mb": 22.89,
      "bounds": {
        "min": [
          299000.0,
          5040687.29,
          18.020000000000003
        ],
        "max": [
          299999.99,
          5040922.72,
          236.23000000000002
        ]
      },
      "quantization": {
        "mins": [
          -495.0295397513546,
          175.4680784540251,
          -37.59268043224655
        ],
        "ranges": [
          999.9899999999907,
          235.42999999970198,
          218.21000000000004
        ]
      }
    },
    {
      "filename": "chunk_0003.bin",
      "index": 3,
      "point_count": 2000000,
      "file_size_mb": 22.89,
      "bounds": {
        "min": [
          299000.0,
          5040499.13,
          15.219999999999999
        ],
        "max": [
          299999.99,
          5040702.96,
          226.0
        ]
      },
      "quantization": {
        "mins": [
          -495.0295397513546,
          -12.691921546123922,
          -40.39268043224656
        ],
        "ranges": [
          999.9899999999907,
          203.8300000000745,
          210.78
        ]
      }
    },
    {
      "filename": "chunk_0004.bin",
      "index": 4,
      "point_count": 2000000,
      "file_size_mb": 22.89,
      "bounds": {
        "min": [
          299000.0,
          5040293.69,
          14.780000000000001
        ],
        "max": [
          299999.99,
          5040514.8,
          255.58
        ]
      },
      "quantization": {
        "mins": [
          -495.0295397513546,
          -218.13192154560238,
          -40.832680432246555
        ],
        "ranges": [
          999.9899999999907,
          221.10999999940395,
          240.8
        ]
      }
    },
    {
      "filename": "chunk_0005.bin",
      "index": 5,
      "point_count": 2000000,
      "file_size_mb": 22.89,
      "bounds": {
        "min": [
          299000.0,
          5040044.41,
          14.850000000000001
        ],
        "max": [
          299948.03,
          5040326.64,
          227.29
        ]
      },
      "quantization": {
        "mins": [
          -495.0295397513546,
          -467.41192154586315,
          -40.762680432246555
        ],
        "ranges": [
          948.0300000000279,
          282.2299999995157,
          212.44
        ]
      }
    },
    {
      "filename": "chunk_0006.bin",
      "index": 6,
      "point_count": 2000000,
      "file_size_mb": 22.89,
      "bounds": {
        "min": [
          299000.0,
          5040000.0,
          19.97
        ],
        "max": [
          299999.99,
          5040999.99,
          179.11
        ]
      },
      "quantization": {
        "mins": [
          -495.0295397513546,
          -511.82192154601216,
          -35.64268043224656
        ],
        "ranges": [
          999.9899999999907,
          999.9900000002235,
          159.14000000000001
        ]
      }
    },
    {
      "filename": "chunk_0007.bin",
      "index": 7,
      "point_count": 2000000,
      "file_size_mb": 22.89,
      "bounds": {
        "min": [
          299000.0,
          5040529.4,
          12.600000000000001
        ],
        "max": [
          299999.99,
          5040781.92,
          258.56
        ]
      },
      "quantization": {
        "mins": [
          -495.0295397513546,
          17.578078454360366,
          -43.012680432246555
        ],
        "ranges": [
          999.9899999999907,
          252.51999999955297,
          245.96
        ]
      }
    },
    {
      "filename": "chunk_0008.bin",
      "index": 8,
      "point_count": 2000000,
      "file_size_mb": 22.89,
      "bounds": {
        "min": [
          299000.0,
          5040293.69,
          14.899999999999999
        ],
        "max": [
          299999.99,
          5040561.84,
          262.48
        ]
      },
      "quantization": {
        "mins": [
          -495.0295397513546,
          -218.13192154560238,
          -40.71268043224656
        ],
        "ranges": [
          999.9899999999907,
          268.1499999994412,
          247.58000000000004
        ]
      }
    },
    {
      "filename": "chunk_0009.bin",
      "index": 9,
      "point_count": 2000000,
      "file_size_mb": 22.89,
      "bounds": {
        "min": [
          299000.0,
          5040138.49,
          12.700000000000003
        ],
        "max": [
          299999.99,
          5040358.0,
          227.27
        ]
      },
      "quantization": {
        "mins": [
          -495.0295397513546,
          -373.33192154578865,
          -42.91268043224655
        ],
        "ranges": [
          999.9899999999907,
          219.50999999977648,
          214.57000000000002
        ]
      }
    },
    {
      "filename": "chunk_0010.bin",
      "index": 10,
      "point_count": 2000000,
      "file_size_mb": 22.89,
      "bounds": {
        "min": [
          299000.0,
          5040000.0,
          11.969999999999999
        ],
        "max": [
          299999.99,
          5040656.91,
          217.03
        ]
      },
      "quantization": {
        "mins": [
          -495.0295397513546,
          -511.82192154601216,
          -43.64268043224656
        ],
        "ranges": [
          999.9899999999907,
          656.910000000149,
          205.06
        ]
      }
    },
    {
      "filename": "chunk_0011.bin",
      "index": 11,
      "point_count": 1782168,
      "file_size_mb": 20.4,
      "bounds": {
        "min": [
          299000.0,
          5040000.0,
          -62.88
        ],
        "max": [
          299999.99,
          5040999.99,
          286.51
        ]
      },
      "quantization": {
        "mins": [
          -495.0295397513546,
          -511.82192154601216,
          -118.49268043224656
        ],
        "ranges": [
          999.9899999999907,
          999.9900000002235,
          349.39
        ]
      }
    }
  ]
}